{"cameraMode":{"drawMode":0,"name":"Shaded","section":"Shading Mode"},"sceneLighting":true,"audioPlay":false,"sceneViewState":{"showFog":true,"showMaterialUpdate":false,"showSkybox":true,"showFlares":true,"showImageEffects":true,"showParticleSystems":true},"in2DMode":false,"pivot":{"x":10.084500312805176,"y":1.0931390523910523,"z":74.39908599853516},"rotation":{"x":0.010705922730267048,"y":0.8974197506904602,"z":-0.4405082166194916,"w":0.02181270159780979},"size":597.23388671875,"orthographic":false}